Existence,Recreation,Social relations,Aesthetics,Knowledge systems,Inspiration,Cultural heritage,Education,Sense of place,Cultural diversity
westlake,hiking,westhollywoodpride,texture,excavation,art,angelsgateculturalcenter,tarpits,neighborhood,gay
animals,gardentour,gaypride,sunset,,publicart,gettyhouse,labreatarpits,heartofla,lgbt
lake,fish,losangelespride,colorful,,music,statue,museum,,mexican
palmtrees,bikes,gardenparty,skyline,,painting,monument,agcc,,immigration
palms,,artonthewaterfront,clouds,,,portraitsofhope,pagemuseum,,
garden,,ciclavia,,,,warreinactment,fossils,,
mountains,,rally,,,,,bones,,
elks,,community,,,,,paleontology,,
birds,,protest,,,,,lacma,,
pond,,costumes,,,,,mammoths,,
,,,,,,,giantgroundsloths,,
,,,,,,,tigers,,
,,,,,,,sabretooth,,