Words,Existence,Recreation,Social relations,Aesthetics,Spiritual,Knowledge systems,Inspiration,Cultural heritage,Education,Sense of place,Cultural diversity
westlake,173,,,,,,,,,,
lake,89,,,,,,,,,,
ciclavia,,,68,,,,,,,,
palmtrees,61,,,,,,,,,,
rally,,,53,,,,,,,,
palms,41,,,,,,,,,,
neighborhood,,,,,,,,,,41,
community,,,,,,,,,,41,
mexican,,,,,,,,,,,38
protest,,,37,,,,,,,,
lengua,,,,,,,,,,,36
keepfamliestogethor,,,36,,,,,,,,
tamale,,,36,,,,,,,,
asada,,,36,,,,,,,,
alpastor,,,36,,,,,,,,
march,,,36,,,,,,,,36
migrant,,,,,,,,,,,
carnitas,,,36,,,,,,,,
eltaurino,,,36,,,,,,,,
burrito,,,36,,,,,,,,
thegreattacohunt,,,36,,,,,,,,
immigration,,,,,,,,,,,36
landmark,,,,,,,,34,,,
monument,,,,,,,,32,,,
elks,32,,,,,,,,,,
parkplaza,32,,,,,,,,,,
heartofla,,,,,,,,,,31,
lasantacon,,,30,,,,,,,,
art,,,,,,,29,,,,
music,,27,,,,,,,,,
colorful,,,,25,,,,,,,
curlettandbeelman,,,,,,,,24,,,
portraitsofhope,,,,,,,24,,,,
publicart,,,,,,,23,,,,
people,,,23,,,,,,,,
bikes,,22,,,,,,,,,
signs,,,,,20,,,,,,
tacos,,,19,,,,,,,,
sanity,,,,,17,,,,,,
fortmacarthur,,,,,,,,16,,,
warreinactment,,,,,,,,15,,,
lilihaydn,,15,,,,,,,,,
bicycles,,15,,,,,,,,,
violin,,15,,,,,,,,,
birds,15,,,,,,,,,,
food,,,13,,,,,,,,
ciclovia,,13,,,,,,,,,
event,,12,,,,,,,,,
loslobos,,12,,,,,,,,,
palmtree,12,,,,,,,,,,
hollywood,,,,,,,,,,,
bicyclists,,11,,,,,,,,,